{
	"currentFrameRate":46.6376,
	"devices":[],
	"gestures":[],
	"hands":[
		{
			"armBasis":[
				[0.885739,0.420376,-0.196853],
				[0.236823,-0.0445104,0.970533],
				[0.399226,-0.906258,-0.138979]
			],
			"armWidth":50.1784,
			"confidence":0.00659244,
			"direction":[-0.136297,0.828913,0.542518],
			"elbow":[-43.5839,44.6081,124.247],
			"grabStrength":0.587270,
			"id":63,
			"palmNormal":[-0.336405,0.476362,-0.812349],
			"palmPosition":[-141.001,272.406,175.388],
			"palmVelocity":[-624.124,92.5754,-520.567],
			"palmWidth":71.6531,
			"pinchStrength":0.186054,
			"r":[
				[0.968875,0.237890,-0.0684827],
				[-0.201884,0.919402,0.337555],
				[0.143264,-0.313223,0.938811]
			],
			"s":1.50418,
			"sphereCenter":[-165.024,302.195,150.196],
			"sphereRadius":42.0258,
			"stabilizedPalmPosition":[-141.001,272.406,175.388],
			"t":[-218.572,-51.7863,-63.8276],
			"timeVisible":4.57847,
			"type":"right",
			"wrist":[-128.468,237.297,153.797]
		}
	],
	"id":302649,
	"interactionBox":{
		"center":[0.00000,200.000,0.00000],
		"size":[235.247,235.247,147.751]
	},
	"pointables":[
		{
			"bases":[
				[[0.649249,-0.146330,0.746367],
					[-0.546271,-0.772518,0.323733],
					[0.529211,-0.617902,-0.581492]],
				[[0.418391,0.0831642,0.904452],
					[-0.377271,-0.889917,0.256349],
					[0.826206,-0.448477,-0.340957]],
				[[0.418391,0.0831642,0.904452],[-0.604949,-0.717260,0.345795],[0.677485,-0.691824,-0.249785]],
				[[0.418391,0.0831642,0.904452],[-0.893427,-0.141594,0.426310],[0.163518,-0.986425,0.0150596]]
			],
			"btipPosition":[-205.561,286.916,170.061],
			"carpPosition":[-151.880,232.532,150.229],
			"dipPosition":[-202.548,268.737,170.338],
			"direction":[-0.677485,0.691824,0.249785],
			"extended":true,
			"handId":63,
			"id":630,
			"length":41.0408,
			"mcpPosition":[-151.880,232.532,150.229],
			"pipPosition":[-184.358,250.161,163.632],
			"stabilizedTipPosition":[-191.176,280.628,177.225],
			"timeVisible":4.57847,
			"tipPosition":[-203.219,283.136,168.959],
			"tipVelocity":[-789.590,120.286,-376.503],
			"tool":false,
			"touchDistance":0.400104,
			"touchZone":"none",
			"type":0,
			"width":15.9465
		},
		{
			"bases":[[[0.895689,0.428240,-0.119797],[0.289544,-0.357179,0.888024],[0.337499,-0.830080,-0.443916]],[[0.876390,0.471953,-0.0959226],[0.0317652,0.142094,0.989343],[0.480553,-0.870098,0.109538]],[[0.876390,0.471953,-0.0959226],[-0.309821,0.704986,0.637970],[0.368716,-0.529392,0.764063]],[[0.876390,0.471953,-0.0959226],[-0.439121,0.864867,0.243265],[0.197770,-0.171073,0.965205]]],"btipPosition":[-187.420,323.950,160.433],"carpPosition":[-141.930,234.044,165.950],"dipPosition":[-184.759,321.648,173.419],"direction":[-0.368716,0.529392,-0.764063],"extended":false,"handId":63,"id":631,"length":46.3099,"mcpPosition":[-161.483,282.135,191.668],"pipPosition":[-177.741,311.572,187.962],"stabilizedTipPosition":[-186.808,323.421,163.420],"timeVisible":4.57847,"tipPosition":[-186.471,322.974,163.839],"tipVelocity":[-422.189,278.607,-648.634],"tool":false,"touchDistance":0.394516,"touchZone":"none","type":1,"width":15.2321},
		{
			"bases":[[[0.870480,0.366730,-0.328290],[0.444142,-0.297776,0.845025],[0.212139,-0.881385,-0.422088]],[[0.871784,0.361233,-0.330913],[0.229524,0.295578,0.927336],[0.432795,-0.884389,0.174769]],[[0.871784,0.361233,-0.330913],[-0.139888,0.830920,0.538520],[0.469493,-0.423182,0.774915]],[[0.871784,0.361233,-0.330913],[-0.333290,0.932404,0.139788],[0.359040,-0.0115751,0.933250]]],"btipPosition":[-177.017,329.699,151.590],"carpPosition":[-133.107,238.058,166.197],"dipPosition":[-171.703,329.528,165.401],"direction":[-0.469493,0.423182,-0.774915],"extended":false,"handId":63,"id":632,"length":52.7665,"mcpPosition":[-144.762,286.482,189.387],"pipPosition":[-161.190,320.051,182.754],"stabilizedTipPosition":[-158.140,322.257,181.215],"timeVisible":4.57847,"tipPosition":[-175.591,330.154,155.986],"tipVelocity":[-388.547,222.960,-655.461],"tool":false,"touchDistance":1.00000,"touchZone":"none","type":2,"width":14.9600},
		{
			"bases":[[[0.856235,0.254427,-0.449587],[0.511735,-0.298759,0.805525],[0.0706292,-0.919788,-0.386007]],[[0.855476,0.263730,-0.445654],[0.377427,0.271687,0.885288],[0.354556,-0.925544,0.132883]],[[0.855476,0.263730,-0.445654],[0.0332597,0.830837,0.555521],[0.516773,-0.490057,0.701990]],[[0.855476,0.263730,-0.445654],[-0.177123,0.957711,0.226753],[0.486609,-0.115046,0.866012]]],"btipPosition":[-158.941,332.266,150.219],"carpPosition":[-124.549,241.947,163.909],"dipPosition":[-151.782,330.573,162.960],"direction":[-0.516773,0.490057,-0.701990],"extended":false,"handId":63,"id":633,"length":50.7364,"mcpPosition":[-128.033,287.318,182.950],"pipPosition":[-140.508,319.883,178.274],"stabilizedTipPosition":[-143.032,326.668,174.997],"timeVisible":4.57847,"tipPosition":[-156.924,331.273,153.487],"tipVelocity":[-373.993,164.808,-626.630],"tool":false,"touchDistance":1.00000,"touchZone":"none","type":3,"width":14.2354},
		{
			"bases":[[[0.762253,0.192104,-0.618116],[0.642897,-0.335629,0.688503],[-0.0751931,-0.922198,-0.379337]],[[0.765785,0.262859,-0.586923],[0.247124,0.722298,0.645922],[0.593720,-0.639680,0.488167]],[[0.765785,0.262859,-0.586923],[-0.570258,0.699449,-0.430787],[0.297286,0.664588,0.685525]],[[0.765785,0.262859,-0.586923],[-0.624143,0.0838431,-0.776798],[-0.154979,0.961184,0.228267]]],"btipPosition":[-133.132,282.606,146.197],"carpPosition":[-117.558,245.968,156.126],"dipPosition":[-135.236,295.653,149.296],"direction":[-0.297286,-0.664588,-0.685525],"extended":false,"handId":63,"id":634,"length":39.7764,"mcpPosition":[-114.125,288.077,173.447],"pipPosition":[-130.657,305.889,159.855],"stabilizedTipPosition":[-124.361,284.909,156.626],"timeVisible":4.57847,"tipPosition":[-133.748,285.298,146.793],"tipVelocity":[-548.282,25.7909,-546.511],"tool":false,"touchDistance":1.00000,"touchZone":"none","type":4,"width":12.6450}
	],
	"r":[
			[0.968875,0.237890,-0.0684827],[-0.201884,0.919402,0.337555],[0.143264,-0.313223,0.938811]
		],
	"s":1.50418,
	"t":[-218.572,-51.7863,-63.8276],
	"timestamp":28950485517
}













